{
  "setting": {
    "compileHotReLoad": true
  },
  "condition": {
    "miniprogram": {
      "list": [
        {
          "name": "detail-video",
          "pathName": "pages/detail-video/index",
          "query": "id=14505109",
          "launchMode": "default",
          "scene": null
        },
        {
          "name": "detail-songs",
          "pathName": "pages/detail-songs/index",
          "query": "",
          "launchMode": "default",
          "scene": null
        },
        {
          "name": "",
          "pathName": "pages/detail-search/index",
          "query": "",
          "launchMode": "default",
          "scene": null
        },
        {
          "name": "",
          "pathName": "pages/home-music/index",
          "query": "",
          "launchMode": "default",
          "scene": null
        },
        {
          "name": "",
          "pathName": "pages/music-player/index",
          "query": "",
          "launchMode": "default",
          "scene": null
        }
      ]
    }
  },
  "projectname": "QNMusic--master",
  "description": "项目私有配置文件。此文件中的内容将覆盖 project.config.json 中的相同字段。项目的改动优先同步到此文件中。详见文档：https://developers.weixin.qq.com/miniprogram/dev/devtools/projectconfig.html"
}